{
  "Countries": [
    {"Iso2": "AF", "Iso3": "AFG", "CountryName": "Afghanistan", "PhoneCode": "+93", "CurrencyCode": "AFN", "CurrencyName": "Afghani", "Continent": "Asia"},
    {"Iso2": "AL", "Iso3": "ALB", "CountryName": "Albania", "PhoneCode": "+355", "CurrencyCode": "ALL", "CurrencyName": "Lek", "Continent": "Europe"},
    {"Iso2": "DZ", "Iso3": "DZA", "CountryName": "Algeria", "PhoneCode": "+213", "CurrencyCode": "DZD", "CurrencyName": "Algerian Dinar", "Continent": "Africa"},
    {"Iso2": "AD", "Iso3": "AND", "CountryName": "Andorra", "PhoneCode": "+376", "CurrencyCode": "EUR", "CurrencyName": "Euro", "Continent": "Europe"},
    {"Iso2": "AO", "Iso3": "AGO", "CountryName": "Angola", "PhoneCode": "+244", "CurrencyCode": "AOA", "CurrencyName": "Kwanza", "Continent": "Africa"},
    {"Iso2": "AR", "Iso3": "ARG", "CountryName": "Argentina", "PhoneCode": "+54", "CurrencyCode": "ARS", "CurrencyName": "Argentine Peso", "Continent": "South America"},
    {"Iso2": "AM", "Iso3": "ARM", "CountryName": "Armenia", "PhoneCode": "+374", "CurrencyCode": "AMD", "CurrencyName": "Dram", "Continent": "Asia"},
    {"Iso2": "AU", "Iso3": "AUS", "CountryName": "Australia", "PhoneCode": "+61", "CurrencyCode": "AUD", "CurrencyName": "Australian Dollar", "Continent": "Oceania"},
    {"Iso2": "AT", "Iso3": "AUT", "CountryName": "Austria", "PhoneCode": "+43", "CurrencyCode": "EUR", "CurrencyName": "Euro", "Continent": "Europe"},
    {"Iso2": "AZ", "Iso3": "AZE", "CountryName": "Azerbaijan", "PhoneCode": "+994", "CurrencyCode": "AZN", "CurrencyName": "Azerbaijani Manat", "Continent": "Asia"},
    {"Iso2": "BH", "Iso3": "BHR", "CountryName": "Bahrain", "PhoneCode": "+973", "CurrencyCode": "BHD", "CurrencyName": "Bahraini Dinar", "Continent": "Asia"},
    {"Iso2": "BD", "Iso3": "BGD", "CountryName": "Bangladesh", "PhoneCode": "+880", "CurrencyCode": "BDT", "CurrencyName": "Taka", "Continent": "Asia"},
    {"Iso2": "BY", "Iso3": "BLR", "CountryName": "Belarus", "PhoneCode": "+375", "CurrencyCode": "BYN", "CurrencyName": "Belarusian Ruble", "Continent": "Europe"},
    {"Iso2": "BE", "Iso3": "BEL", "CountryName": "Belgium", "PhoneCode": "+32", "CurrencyCode": "EUR", "CurrencyName": "Euro", "Continent": "Europe"},
    {"Iso2": "BZ", "Iso3": "BLZ", "CountryName": "Belize", "PhoneCode": "+501", "CurrencyCode": "BZD", "CurrencyName": "Belize Dollar", "Continent": "North America"},
    {"Iso2": "BJ", "Iso3": "BEN", "CountryName": "Benin", "PhoneCode": "+229", "CurrencyCode": "XOF", "CurrencyName": "West African CFA Franc", "Continent": "Africa"},
    {"Iso2": "BT", "Iso3": "BTN", "CountryName": "Bhutan", "PhoneCode": "+975", "CurrencyCode": "INR", "CurrencyName": "Indian Rupee", "Continent": "Asia"},
    {"Iso2": "BO", "Iso3": "BOL", "CountryName": "Bolivia", "PhoneCode": "+591", "CurrencyCode": "BOB", "CurrencyName": "Boliviano", "Continent": "South America"},
    {"Iso2": "BA", "Iso3": "BIH", "CountryName": "Bosnia and Herzegovina", "PhoneCode": "+387", "CurrencyCode": "BAM", "CurrencyName": "Convertible Mark", "Continent": "Europe"},
    {"Iso2": "BW", "Iso3": "BWA", "CountryName": "Botswana", "PhoneCode": "+267", "CurrencyCode": "BWP", "CurrencyName": "Pula", "Continent": "Africa"},
    {"Iso2": "BR", "Iso3": "BRA", "CountryName": "Brazil", "PhoneCode": "+55", "CurrencyCode": "BRL", "CurrencyName": "Brazilian Real", "Continent": "South America"},
    {"Iso2": "BN", "Iso3": "BRN", "CountryName": "Brunei Darussalam", "PhoneCode": "+673", "CurrencyCode": "BND", "CurrencyName": "Brunei Dollar", "Continent": "Asia"},
    {"Iso2": "BG", "Iso3": "BGR", "CountryName": "Bulgaria", "PhoneCode": "+359", "CurrencyCode": "BGN", "CurrencyName": "Lev", "Continent": "Europe"},
    {"Iso2": "KH", "Iso3": "KHM", "CountryName": "Cambodia", "PhoneCode": "+855", "CurrencyCode": "KHR", "CurrencyName": "Riel", "Continent": "Asia"},
    {"Iso2": "CM", "Iso3": "CMR", "CountryName": "Cameroon", "PhoneCode": "+237", "CurrencyCode": "XAF", "CurrencyName": "Central African CFA Franc", "Continent": "Africa"},
    {"Iso2": "CA", "Iso3": "CAN", "CountryName": "Canada", "PhoneCode": "+1", "CurrencyCode": "CAD", "CurrencyName": "Canadian Dollar", "Continent": "North America"},
    {"Iso2": "CL", "Iso3": "CHL", "CountryName": "Chile", "PhoneCode": "+56", "CurrencyCode": "CLP", "CurrencyName": "Chilean Peso", "Continent": "South America"},
    {"Iso2": "CN", "Iso3": "CHN", "CountryName": "China", "PhoneCode": "+86", "CurrencyCode": "CNY", "CurrencyName": "Yuan Renminbi", "Continent": "Asia"},
    {"Iso2": "CO", "Iso3": "COL", "CountryName": "Colombia", "PhoneCode": "+57", "CurrencyCode": "COP", "CurrencyName": "Colombian Peso", "Continent": "South America"},
    {"Iso2": "CR", "Iso3": "CRI", "CountryName": "Costa Rica", "PhoneCode": "+506", "CurrencyCode": "CRC", "CurrencyName": "Costa Rican Colon", "Continent": "North America"},
    {"Iso2": "HR", "Iso3": "HRV", "CountryName": "Croatia", "PhoneCode": "+385", "CurrencyCode": "EUR", "CurrencyName": "Euro", "Continent": "Europe"},
    {"Iso2": "CU", "Iso3": "CUB", "CountryName": "Cuba", "PhoneCode": "+53", "CurrencyCode": "CUP", "CurrencyName": "Cuban Peso", "Continent": "North America"},
    {"Iso2": "CY", "Iso3": "CYP", "CountryName": "Cyprus", "PhoneCode": "+357", "CurrencyCode": "EUR", "CurrencyName": "Euro", "Continent": "Europe"},
    {"Iso2": "CZ", "Iso3": "CZE", "CountryName": "Czech Republic", "PhoneCode": "+420", "CurrencyCode": "CZK", "CurrencyName": "Czech Koruna", "Continent": "Europe"},
    {"Iso2": "DK", "Iso3": "DNK", "CountryName": "Denmark", "PhoneCode": "+45", "CurrencyCode": "DKK", "CurrencyName": "Danish Krone", "Continent": "Europe"},
    {"Iso2": "EG", "Iso3": "EGY", "CountryName": "Egypt", "PhoneCode": "+20", "CurrencyCode": "EGP", "CurrencyName": "Egyptian Pound", "Continent": "Africa"},
    {"Iso2": "FI", "Iso3": "FIN", "CountryName": "Finland", "PhoneCode": "+358", "CurrencyCode": "EUR", "CurrencyName": "Euro", "Continent": "Europe"},
    {"Iso2": "FR", "Iso3": "FRA", "CountryName": "France", "PhoneCode": "+33", "CurrencyCode": "EUR", "CurrencyName": "Euro", "Continent": "Europe"},
    {"Iso2": "DE", "Iso3": "DEU", "CountryName": "Germany", "PhoneCode": "+49", "CurrencyCode": "EUR", "CurrencyName": "Euro", "Continent": "Europe"},
    {"Iso2": "GH", "Iso3": "GHA", "CountryName": "Ghana", "PhoneCode": "+233", "CurrencyCode": "GHS", "CurrencyName": "Ghana Cedi", "Continent": "Africa"},
    {"Iso2": "GR", "Iso3": "GRC", "CountryName": "Greece", "PhoneCode": "+30", "CurrencyCode": "EUR", "CurrencyName": "Euro", "Continent": "Europe"},
    {"Iso2": "HK", "Iso3": "HKG", "CountryName": "Hong Kong", "PhoneCode": "+852", "CurrencyCode": "HKD", "CurrencyName": "Hong Kong Dollar", "Continent": "Asia"},
    {"Iso2": "HU", "Iso3": "HUN", "CountryName": "Hungary", "PhoneCode": "+36", "CurrencyCode": "HUF", "CurrencyName": "Forint", "Continent": "Europe"},
    {"Iso2": "IS", "Iso3": "ISL", "CountryName": "Iceland", "PhoneCode": "+354", "CurrencyCode": "ISK", "CurrencyName": "Iceland Krona", "Continent": "Europe"},
    {"Iso2": "IN", "Iso3": "IND", "CountryName": "India", "PhoneCode": "+91", "CurrencyCode": "INR", "CurrencyName": "Indian Rupee", "Continent": "Asia"},
    {"Iso2": "ID", "Iso3": "IDN", "CountryName": "Indonesia", "PhoneCode": "+62", "CurrencyCode": "IDR", "CurrencyName": "Rupiah", "Continent": "Asia"},
    {"Iso2": "IR", "Iso3": "IRN", "CountryName": "Iran, Islamic Republic of", "PhoneCode": "+98", "CurrencyCode": "IRR", "CurrencyName": "Iranian Rial", "Continent": "Asia"},
    {"Iso2": "IQ", "Iso3": "IRQ", "CountryName": "Iraq", "PhoneCode": "+964", "CurrencyCode": "IQD", "CurrencyName": "Iraqi Dinar", "Continent": "Asia"},
    {"Iso2": "IE", "Iso3": "IRL", "CountryName": "Ireland", "PhoneCode": "+353", "CurrencyCode": "EUR", "CurrencyName": "Euro", "Continent": "Europe"},
    {"Iso2": "IL", "Iso3": "ISR", "CountryName": "Israel", "PhoneCode": "+972", "CurrencyCode": "ILS", "CurrencyName": "Shekel", "Continent": "Asia"},
    {"Iso2": "IT", "Iso3": "ITA", "CountryName": "Italy", "PhoneCode": "+39", "CurrencyCode": "EUR", "CurrencyName": "Euro", "Continent": "Europe"},
    {"Iso2": "JP", "Iso3": "JPN", "CountryName": "Japan", "PhoneCode": "+81", "CurrencyCode": "JPY", "CurrencyName": "Yen", "Continent": "Asia"},
    {"Iso2": "JO", "Iso3": "JOR", "CountryName": "Jordan", "PhoneCode": "+962", "CurrencyCode": "JOD", "CurrencyName": "Jordanian Dinar", "Continent": "Asia"},
    {"Iso2": "KE", "Iso3": "KEN", "CountryName": "Kenya", "PhoneCode": "+254", "CurrencyCode": "KES", "CurrencyName": "Kenyan Shilling", "Continent": "Africa"},
    {"Iso2": "KR", "Iso3": "KOR", "CountryName": "Korea, Republic of", "PhoneCode": "+82", "CurrencyCode": "KRW", "CurrencyName": "Won", "Continent": "Asia"},
    {"Iso2": "KW", "Iso3": "KWT", "CountryName": "Kuwait", "PhoneCode": "+965", "CurrencyCode": "KWD", "CurrencyName": "Kuwaiti Dinar", "Continent": "Asia"},
    {"Iso2": "LB", "Iso3": "LBN", "CountryName": "Lebanon", "PhoneCode": "+961", "CurrencyCode": "LBP", "CurrencyName": "Lebanese Pound", "Continent": "Asia"},
    {"Iso2": "MY", "Iso3": "MYS", "CountryName": "Malaysia", "PhoneCode": "+60", "CurrencyCode": "MYR", "CurrencyName": "Malaysian Ringgit", "Continent": "Asia"},
    {"Iso2": "MX", "Iso3": "MEX", "CountryName": "Mexico", "PhoneCode": "+52", "CurrencyCode": "MXN", "CurrencyName": "Mexican Peso", "Continent": "North America"},
    {"Iso2": "MA", "Iso3": "MAR", "CountryName": "Morocco", "PhoneCode": "+212", "CurrencyCode": "MAD", "CurrencyName": "Moroccan Dirham", "Continent": "Africa"},
    {"Iso2": "MM", "Iso3": "MMR", "CountryName": "Myanmar", "PhoneCode": "+95", "CurrencyCode": "MMK", "CurrencyName": "Kyat", "Continent": "Asia"},
    {"Iso2": "NP", "Iso3": "NPL", "CountryName": "Nepal", "PhoneCode": "+977", "CurrencyCode": "NPR", "CurrencyName": "Nepalese Rupee", "Continent": "Asia"},
    {"Iso2": "NL", "Iso3": "NLD", "CountryName": "Netherlands", "PhoneCode": "+31", "CurrencyCode": "EUR", "CurrencyName": "Euro", "Continent": "Europe"},
    {"Iso2": "NZ", "Iso3": "NZL", "CountryName": "New Zealand", "PhoneCode": "+64", "CurrencyCode": "NZD", "CurrencyName": "New Zealand Dollar", "Continent": "Oceania"},
    {"Iso2": "NG", "Iso3": "NGA", "CountryName": "Nigeria", "PhoneCode": "+234", "CurrencyCode": "NGN", "CurrencyName": "Naira", "Continent": "Africa"},
    {"Iso2": "NO", "Iso3": "NOR", "CountryName": "Norway", "PhoneCode": "+47", "CurrencyCode": "NOK", "CurrencyName": "Norwegian Krone", "Continent": "Europe"},
    {"Iso2": "OM", "Iso3": "OMN", "CountryName": "Oman", "PhoneCode": "+968", "CurrencyCode": "OMR", "CurrencyName": "Omani Rial", "Continent": "Asia"},
    {"Iso2": "PK", "Iso3": "PAK", "CountryName": "Pakistan", "PhoneCode": "+92", "CurrencyCode": "PKR", "CurrencyName": "Pakistani Rupee", "Continent": "Asia"},
    {"Iso2": "PH", "Iso3": "PHL", "CountryName": "Philippines", "PhoneCode": "+63", "CurrencyCode": "PHP", "CurrencyName": "Philippine Peso", "Continent": "Asia"},
    {"Iso2": "PL", "Iso3": "POL", "CountryName": "Poland", "PhoneCode": "+48", "CurrencyCode": "PLN", "CurrencyName": "Zloty", "Continent": "Europe"},
    {"Iso2": "PT", "Iso3": "PRT", "CountryName": "Portugal", "PhoneCode": "+351", "CurrencyCode": "EUR", "CurrencyName": "Euro", "Continent": "Europe"},
    {"Iso2": "QA", "Iso3": "QAT", "CountryName": "Qatar", "PhoneCode": "+974", "CurrencyCode": "QAR", "CurrencyName": "Qatari Riyal", "Continent": "Asia"},
    {"Iso2": "RO", "Iso3": "ROU", "CountryName": "Romania", "PhoneCode": "+40", "CurrencyCode": "RON", "CurrencyName": "Romanian Leu", "Continent": "Europe"},
    {"Iso2": "RU", "Iso3": "RUS", "CountryName": "Russia", "PhoneCode": "+7", "CurrencyCode": "RUB", "CurrencyName": "Russian Ruble", "Continent": "Europe"},
    {"Iso2": "SA", "Iso3": "SAU", "CountryName": "Saudi Arabia", "PhoneCode": "+966", "CurrencyCode": "SAR", "CurrencyName": "Saudi Riyal", "Continent": "Asia"},
    {"Iso2": "SG", "Iso3": "SGP", "CountryName": "Singapore", "PhoneCode": "+65", "CurrencyCode": "SGD", "CurrencyName": "Singapore Dollar", "Continent": "Asia"},
    {"Iso2": "ZA", "Iso3": "ZAF", "CountryName": "South Africa", "PhoneCode": "+27", "CurrencyCode": "ZAR", "CurrencyName": "Rand", "Continent": "Africa"},
    {"Iso2": "ES", "Iso3": "ESP", "CountryName": "Spain", "PhoneCode": "+34", "CurrencyCode": "EUR", "CurrencyName": "Euro", "Continent": "Europe"},
    {"Iso2": "SE", "Iso3": "SWE", "CountryName": "Sweden", "PhoneCode": "+46", "CurrencyCode": "SEK", "CurrencyName": "Swedish Krona", "Continent": "Europe"},
    {"Iso2": "CH", "Iso3": "CHE", "CountryName": "Switzerland", "PhoneCode": "+41", "CurrencyCode": "CHF", "CurrencyName": "Swiss Franc", "Continent": "Europe"},
    {"Iso2": "TH", "Iso3": "THA", "CountryName": "Thailand", "PhoneCode": "+66", "CurrencyCode": "THB", "CurrencyName": "Baht", "Continent": "Asia"},
    {"Iso2": "TR", "Iso3": "TUR", "CountryName": "Turkey", "PhoneCode": "+90", "CurrencyCode": "TRY", "CurrencyName": "Turkish Lira", "Continent": "Asia"},
    {"Iso2": "UA", "Iso3": "UKR", "CountryName": "Ukraine", "PhoneCode": "+380", "CurrencyCode": "UAH", "CurrencyName": "Ukrainian Hryvnia", "Continent": "Europe"},
    {"Iso2": "AE", "Iso3": "ARE", "CountryName": "United Arab Emirates", "PhoneCode": "+971", "CurrencyCode": "AED", "CurrencyName": "UAE Dirham", "Continent": "Asia"},
    {"Iso2": "GB", "Iso3": "GBR", "CountryName": "United Kingdom", "PhoneCode": "+44", "CurrencyCode": "GBP", "CurrencyName": "Pound Sterling", "Continent": "Europe"},
    {"Iso2": "US", "Iso3": "USA", "CountryName": "United States", "PhoneCode": "+1", "CurrencyCode": "USD", "CurrencyName": "US Dollar", "Continent": "North America"},
    {"Iso2": "VN", "Iso3": "VNM", "CountryName": "Vietnam", "PhoneCode": "+84", "CurrencyCode": "VND", "CurrencyName": "Dong", "Continent": "Asia"},
    {"Iso2": "YE", "Iso3": "YEM", "CountryName": "Yemen", "PhoneCode": "+967", "CurrencyCode": "YER", "CurrencyName": "Yemeni Rial", "Continent": "Asia"},
    {"Iso2": "ZW", "Iso3": "ZWE", "CountryName": "Zimbabwe", "PhoneCode": "+263", "CurrencyCode": "ZWL", "CurrencyName": "Zimbabwe Dollar", "Continent": "Africa"}
  ],
  "States": [
    /* === 🇮🇳 India === */
    { "CountryRef": "IN", "StateCode": "AP", "StateName": "Andhra Pradesh" },
    { "CountryRef": "IN", "StateCode": "AR", "StateName": "Arunachal Pradesh" },
    { "CountryRef": "IN", "StateCode": "AS", "StateName": "Assam" },
    { "CountryRef": "IN", "StateCode": "BR", "StateName": "Bihar" },
    { "CountryRef": "IN", "StateCode": "CT", "StateName": "Chhattisgarh" },
    { "CountryRef": "IN", "StateCode": "GA", "StateName": "Goa" },
    { "CountryRef": "IN", "StateCode": "GJ", "StateName": "Gujarat" },
    { "CountryRef": "IN", "StateCode": "HR", "StateName": "Haryana" },
    { "CountryRef": "IN", "StateCode": "HP", "StateName": "Himachal Pradesh" },
    { "CountryRef": "IN", "StateCode": "JK", "StateName": "Jammu & Kashmir" },
    { "CountryRef": "IN", "StateCode": "JH", "StateName": "Jharkhand" },
    { "CountryRef": "IN", "StateCode": "KA", "StateName": "Karnataka" },
    { "CountryRef": "IN", "StateCode": "KL", "StateName": "Kerala" },
    { "CountryRef": "IN", "StateCode": "MP", "StateName": "Madhya Pradesh" },
    { "CountryRef": "IN", "StateCode": "MH", "StateName": "Maharashtra" },
    { "CountryRef": "IN", "StateCode": "MN", "StateName": "Manipur" },
    { "CountryRef": "IN", "StateCode": "ML", "StateName": "Meghalaya" },
    { "CountryRef": "IN", "StateCode": "MZ", "StateName": "Mizoram" },
    { "CountryRef": "IN", "StateCode": "NL", "StateName": "Nagaland" },
    { "CountryRef": "IN", "StateCode": "OR", "StateName": "Odisha" },
    { "CountryRef": "IN", "StateCode": "PB", "StateName": "Punjab" },
    { "CountryRef": "IN", "StateCode": "RJ", "StateName": "Rajasthan" },
    { "CountryRef": "IN", "StateCode": "SK", "StateName": "Sikkim" },
    { "CountryRef": "IN", "StateCode": "TN", "StateName": "Tamil Nadu" },
    { "CountryRef": "IN", "StateCode": "TG", "StateName": "Telangana" },
    { "CountryRef": "IN", "StateCode": "TR", "StateName": "Tripura" },
    { "CountryRef": "IN", "StateCode": "UP", "StateName": "Uttar Pradesh" },
    { "CountryRef": "IN", "StateCode": "UK", "StateName": "Uttarakhand" },
    { "CountryRef": "IN", "StateCode": "WB", "StateName": "West Bengal" },
    { "CountryRef": "IN", "StateCode": "DL", "StateName": "Delhi" },
    { "CountryRef": "IN", "StateCode": "CH", "StateName": "Chandigarh" },
    { "CountryRef": "IN", "StateCode": "PY", "StateName": "Puducherry" },
    { "CountryRef": "IN", "StateCode": "LD", "StateName": "Lakshadweep" },
    { "CountryRef": "IN", "StateCode": "AN", "StateName": "Andaman & Nicobar Islands" },
    { "CountryRef": "IN", "StateCode": "LA", "StateName": "Ladakh" },
    { "CountryRef": "IN", "StateCode": "DN", "StateName": "Dadra & Nagar Haveli and Daman & Diu" },

    /* === 🇧🇩 Bangladesh === */
    { "CountryRef": "BD", "StateCode": "DHA", "StateName": "Dhaka Division" },
    { "CountryRef": "BD", "StateCode": "CTG", "StateName": "Chittagong Division" },
    { "CountryRef": "BD", "StateCode": "RAJ", "StateName": "Rajshahi Division" },
    { "CountryRef": "BD", "StateCode": "KHU", "StateName": "Khulna Division" },
    { "CountryRef": "BD", "StateCode": "BAR", "StateName": "Barisal Division" },
    { "CountryRef": "BD", "StateCode": "RAN", "StateName": "Rangpur Division" },
    { "CountryRef": "BD", "StateCode": "SYL", "StateName": "Sylhet Division" },
    { "CountryRef": "BD", "StateCode": "MYM", "StateName": "Mymensingh Division" },

    /* === 🇵🇰 Pakistan === */
    { "CountryRef": "PK", "StateCode": "PB", "StateName": "Punjab" },
    { "CountryRef": "PK", "StateCode": "SD", "StateName": "Sindh" },
    { "CountryRef": "PK", "StateCode": "KP", "StateName": "Khyber Pakhtunkhwa" },
    { "CountryRef": "PK", "StateCode": "BL", "StateName": "Balochistan" },
    { "CountryRef": "PK", "StateCode": "IS", "StateName": "Islamabad Capital Territory" },
    { "CountryRef": "PK", "StateCode": "GB", "StateName": "Gilgit-Baltistan" },
    { "CountryRef": "PK", "StateCode": "AJ", "StateName": "Azad Jammu and Kashmir" },

    /* === 🇳🇵 Nepal === */
    { "CountryRef": "NP", "StateCode": "P1", "StateName": "Province No. 1" },
    { "CountryRef": "NP", "StateCode": "M", "StateName": "Madhesh Province" },
    { "CountryRef": "NP", "StateCode": "B", "StateName": "Bagmati Province" },
    { "CountryRef": "NP", "StateCode": "G", "StateName": "Gandaki Province" },
    { "CountryRef": "NP", "StateCode": "L", "StateName": "Lumbini Province" },
    { "CountryRef": "NP", "StateCode": "K", "StateName": "Karnali Province" },
    { "CountryRef": "NP", "StateCode": "S", "StateName": "Sudurpashchim Province" },

    /* === 🇱🇰 Sri Lanka === */
    { "CountryRef": "LK", "StateCode": "CE", "StateName": "Central Province" },
    { "CountryRef": "LK", "StateCode": "EP", "StateName": "Eastern Province" },
    { "CountryRef": "LK", "StateCode": "NC", "StateName": "North Central Province" },
    { "CountryRef": "LK", "StateCode": "NO", "StateName": "Northern Province" },
    { "CountryRef": "LK", "StateCode": "NW", "StateName": "North Western Province" },
    { "CountryRef": "LK", "StateCode": "SA", "StateName": "Sabaragamuwa Province" },
    { "CountryRef": "LK", "StateCode": "SO", "StateName": "Southern Province" },
    { "CountryRef": "LK", "StateCode": "UV", "StateName": "Uva Province" },
    { "CountryRef": "LK", "StateCode": "WE", "StateName": "Western Province" },

    /* === 🇹🇭 Thailand === */
    { "CountryRef": "TH", "StateCode": "BKK", "StateName": "Bangkok" },
    { "CountryRef": "TH", "StateCode": "CMI", "StateName": "Chiang Mai" },
    { "CountryRef": "TH", "StateCode": "PKT", "StateName": "Phuket" },
    { "CountryRef": "TH", "StateCode": "NBI", "StateName": "Nonthaburi" },
    { "CountryRef": "TH", "StateCode": "KBI", "StateName": "Krabi" },
    { "CountryRef": "TH", "StateCode": "CTI", "StateName": "Chonburi" },

    /* === 🇮🇩 Indonesia (Provinces) === */
    { "CountryRef": "ID", "StateCode": "JK", "StateName": "Jakarta" },
    { "CountryRef": "ID", "StateCode": "JB", "StateName": "West Java" },
    { "CountryRef": "ID", "StateCode": "JT", "StateName": "Central Java" },
    { "CountryRef": "ID", "StateCode": "JI", "StateName": "East Java" },
    { "CountryRef": "ID", "StateCode": "BA", "StateName": "Bali" },
    { "CountryRef": "ID", "StateCode": "SU", "StateName": "North Sumatra" },
    { "CountryRef": "ID", "StateCode": "SS", "StateName": "South Sumatra" },
    { "CountryRef": "ID", "StateCode": "KS", "StateName": "South Kalimantan" },

    /* === 🇯🇵 Japan (Prefectures - key ones) === */
    { "CountryRef": "JP", "StateCode": "TK", "StateName": "Tokyo" },
    { "CountryRef": "JP", "StateCode": "OS", "StateName": "Osaka" },
    { "CountryRef": "JP", "StateCode": "KN", "StateName": "Kanagawa" },
    { "CountryRef": "JP", "StateCode": "AI", "StateName": "Aichi" },
    { "CountryRef": "JP", "StateCode": "HK", "StateName": "Hokkaido" },
    { "CountryRef": "JP", "StateCode": "FO", "StateName": "Fukuoka" },

    /* === 🇨🇳 China (Provinces simplified) === */
    { "CountryRef": "CN", "StateCode": "BJ", "StateName": "Beijing" },
    { "CountryRef": "CN", "StateCode": "SH", "StateName": "Shanghai" },
    { "CountryRef": "CN", "StateCode": "GD", "StateName": "Guangdong" },
    { "CountryRef": "CN", "StateCode": "ZJ", "StateName": "Zhejiang" },
    { "CountryRef": "CN", "StateCode": "JS", "StateName": "Jiangsu" },
    { "CountryRef": "CN", "StateCode": "SD", "StateName": "Shandong" },
    { "CountryRef": "CN", "StateCode": "SC", "StateName": "Sichuan" },
    { "CountryRef": "CN", "StateCode": "HN", "StateName": "Hunan" }
  ]
}
